,age,timepoint,computer,smartphone,tablet,TV,gaming console
1,12,t1,7.462765957,16.90425532,3.345744681,7.622340426,6.234042553
2,13,t1,7.911174785,20.38252149,4.714899713,8.951289398,9.323782235
3,14,t1,11.45604396,24.6978022,3.901098901,7.615384615,10.73626374
4,15,t1,22.38059701,32.05223881,2.6171875,5.753846154,9.78030303
5,16,t1,25.11363636,27.7706422,2.609090909,5.963636364,5.75
6,17,t1,20.64754098,29.99180328,2.721311475,6.286885246,3.93442623