"","AGE_NB_t1","timepoint","COMP","SP","TAB","TV","VG"
"1",12,"t1",7.46276595744681,16.9042553191489,3.34574468085106,7.62234042553191,6.23404255319149
"2",13,"t1",7.91117478510029,20.3825214899713,4.71489971346705,8.9512893982808,9.32378223495702
"3",14,"t1",11.456043956044,24.6978021978022,3.9010989010989,7.61538461538462,10.7362637362637
"4",15,"t1",22.3805970149254,32.0522388059701,2.6171875,5.75384615384615,9.78030303030303
"5",16,"t1",25.1136363636364,27.7706422018349,2.60909090909091,5.96363636363636,5.75
"6",17,"t1",20.6475409836066,29.9918032786885,2.72131147540984,6.28688524590164,3.9344262295082
